[{"model": "contenttypes.contenttype", "pk": 1, "fields": {"app_label": "admin", "model": "logentry"}}, {"model": "contenttypes.contenttype", "pk": 2, "fields": {"app_label": "auth", "model": "permission"}}, {"model": "contenttypes.contenttype", "pk": 3, "fields": {"app_label": "auth", "model": "group"}}, {"model": "contenttypes.contenttype", "pk": 4, "fields": {"app_label": "auth", "model": "user"}}, {"model": "contenttypes.contenttype", "pk": 5, "fields": {"app_label": "contenttypes", "model": "contenttype"}}, {"model": "contenttypes.contenttype", "pk": 6, "fields": {"app_label": "sessions", "model": "session"}}, {"model": "contenttypes.contenttype", "pk": 7, "fields": {"app_label": "test", "model": "test"}}, {"model": "contenttypes.contenttype", "pk": 8, "fields": {"app_label": "school_user", "model": "user"}}, {"model": "contenttypes.contenttype", "pk": 9, "fields": {"app_label": "school_user", "model": "user_type"}}, {"model": "contenttypes.contenttype", "pk": 10, "fields": {"app_label": "customuser", "model": "user_type"}}, {"model": "contenttypes.contenttype", "pk": 11, "fields": {"app_label": "customuser", "model": "user"}}, {"model": "contenttypes.contenttype", "pk": 12, "fields": {"app_label": "knox", "model": "authtoken"}}, {"model": "contenttypes.contenttype", "pk": 13, "fields": {"app_label": "courses", "model": "course"}}, {"model": "contenttypes.contenttype", "pk": 14, "fields": {"app_label": "curricular_subject", "model": "curricularsubject"}}, {"model": "contenttypes.contenttype", "pk": 15, "fields": {"app_label": "curricular_subject", "model": "curricular_subject"}}, {"model": "auth.permission", "pk": 1, "fields": {"name": "Can add log entry", "content_type": 1, "codename": "add_logentry"}}, {"model": "auth.permission", "pk": 2, "fields": {"name": "Can change log entry", "content_type": 1, "codename": "change_logentry"}}, {"model": "auth.permission", "pk": 3, "fields": {"name": "Can delete log entry", "content_type": 1, "codename": "delete_logentry"}}, {"model": "auth.permission", "pk": 4, "fields": {"name": "Can view log entry", "content_type": 1, "codename": "view_logentry"}}, {"model": "auth.permission", "pk": 5, "fields": {"name": "Can add permission", "content_type": 2, "codename": "add_permission"}}, {"model": "auth.permission", "pk": 6, "fields": {"name": "Can change permission", "content_type": 2, "codename": "change_permission"}}, {"model": "auth.permission", "pk": 7, "fields": {"name": "Can delete permission", "content_type": 2, "codename": "delete_permission"}}, {"model": "auth.permission", "pk": 8, "fields": {"name": "Can view permission", "content_type": 2, "codename": "view_permission"}}, {"model": "auth.permission", "pk": 9, "fields": {"name": "Can add group", "content_type": 3, "codename": "add_group"}}, {"model": "auth.permission", "pk": 10, "fields": {"name": "Can change group", "content_type": 3, "codename": "change_group"}}, {"model": "auth.permission", "pk": 11, "fields": {"name": "Can delete group", "content_type": 3, "codename": "delete_group"}}, {"model": "auth.permission", "pk": 12, "fields": {"name": "Can view group", "content_type": 3, "codename": "view_group"}}, {"model": "auth.permission", "pk": 13, "fields": {"name": "Can add user", "content_type": 4, "codename": "add_user"}}, {"model": "auth.permission", "pk": 14, "fields": {"name": "Can change user", "content_type": 4, "codename": "change_user"}}, {"model": "auth.permission", "pk": 15, "fields": {"name": "Can delete user", "content_type": 4, "codename": "delete_user"}}, {"model": "auth.permission", "pk": 16, "fields": {"name": "Can view user", "content_type": 4, "codename": "view_user"}}, {"model": "auth.permission", "pk": 17, "fields": {"name": "Can add content type", "content_type": 5, "codename": "add_contenttype"}}, {"model": "auth.permission", "pk": 18, "fields": {"name": "Can change content type", "content_type": 5, "codename": "change_contenttype"}}, {"model": "auth.permission", "pk": 19, "fields": {"name": "Can delete content type", "content_type": 5, "codename": "delete_contenttype"}}, {"model": "auth.permission", "pk": 20, "fields": {"name": "Can view content type", "content_type": 5, "codename": "view_contenttype"}}, {"model": "auth.permission", "pk": 21, "fields": {"name": "Can add session", "content_type": 6, "codename": "add_session"}}, {"model": "auth.permission", "pk": 22, "fields": {"name": "Can change session", "content_type": 6, "codename": "change_session"}}, {"model": "auth.permission", "pk": 23, "fields": {"name": "Can delete session", "content_type": 6, "codename": "delete_session"}}, {"model": "auth.permission", "pk": 24, "fields": {"name": "Can view session", "content_type": 6, "codename": "view_session"}}, {"model": "auth.permission", "pk": 25, "fields": {"name": "Can add test", "content_type": 7, "codename": "add_test"}}, {"model": "auth.permission", "pk": 26, "fields": {"name": "Can change test", "content_type": 7, "codename": "change_test"}}, {"model": "auth.permission", "pk": 27, "fields": {"name": "Can delete test", "content_type": 7, "codename": "delete_test"}}, {"model": "auth.permission", "pk": 28, "fields": {"name": "Can view test", "content_type": 7, "codename": "view_test"}}, {"model": "auth.permission", "pk": 29, "fields": {"name": "Can add user", "content_type": 8, "codename": "add_user"}}, {"model": "auth.permission", "pk": 30, "fields": {"name": "Can change user", "content_type": 8, "codename": "change_user"}}, {"model": "auth.permission", "pk": 31, "fields": {"name": "Can delete user", "content_type": 8, "codename": "delete_user"}}, {"model": "auth.permission", "pk": 32, "fields": {"name": "Can view user", "content_type": 8, "codename": "view_user"}}, {"model": "auth.permission", "pk": 33, "fields": {"name": "Can add user_type", "content_type": 9, "codename": "add_user_type"}}, {"model": "auth.permission", "pk": 34, "fields": {"name": "Can change user_type", "content_type": 9, "codename": "change_user_type"}}, {"model": "auth.permission", "pk": 35, "fields": {"name": "Can delete user_type", "content_type": 9, "codename": "delete_user_type"}}, {"model": "auth.permission", "pk": 36, "fields": {"name": "Can view user_type", "content_type": 9, "codename": "view_user_type"}}, {"model": "auth.permission", "pk": 37, "fields": {"name": "Can add user_type", "content_type": 10, "codename": "add_user_type"}}, {"model": "auth.permission", "pk": 38, "fields": {"name": "Can change user_type", "content_type": 10, "codename": "change_user_type"}}, {"model": "auth.permission", "pk": 39, "fields": {"name": "Can delete user_type", "content_type": 10, "codename": "delete_user_type"}}, {"model": "auth.permission", "pk": 40, "fields": {"name": "Can view user_type", "content_type": 10, "codename": "view_user_type"}}, {"model": "auth.permission", "pk": 41, "fields": {"name": "Can add user", "content_type": 11, "codename": "add_user"}}, {"model": "auth.permission", "pk": 42, "fields": {"name": "Can change user", "content_type": 11, "codename": "change_user"}}, {"model": "auth.permission", "pk": 43, "fields": {"name": "Can delete user", "content_type": 11, "codename": "delete_user"}}, {"model": "auth.permission", "pk": 44, "fields": {"name": "Can view user", "content_type": 11, "codename": "view_user"}}, {"model": "auth.permission", "pk": 45, "fields": {"name": "Can add auth token", "content_type": 12, "codename": "add_authtoken"}}, {"model": "auth.permission", "pk": 46, "fields": {"name": "Can change auth token", "content_type": 12, "codename": "change_authtoken"}}, {"model": "auth.permission", "pk": 47, "fields": {"name": "Can delete auth token", "content_type": 12, "codename": "delete_authtoken"}}, {"model": "auth.permission", "pk": 48, "fields": {"name": "Can view auth token", "content_type": 12, "codename": "view_authtoken"}}, {"model": "auth.permission", "pk": 49, "fields": {"name": "Can add course", "content_type": 13, "codename": "add_course"}}, {"model": "auth.permission", "pk": 50, "fields": {"name": "Can change course", "content_type": 13, "codename": "change_course"}}, {"model": "auth.permission", "pk": 51, "fields": {"name": "Can delete course", "content_type": 13, "codename": "delete_course"}}, {"model": "auth.permission", "pk": 52, "fields": {"name": "Can view course", "content_type": 13, "codename": "view_course"}}, {"model": "auth.permission", "pk": 53, "fields": {"name": "Can add curricular subject", "content_type": 14, "codename": "add_curricularsubject"}}, {"model": "auth.permission", "pk": 54, "fields": {"name": "Can change curricular subject", "content_type": 14, "codename": "change_curricularsubject"}}, {"model": "auth.permission", "pk": 55, "fields": {"name": "Can delete curricular subject", "content_type": 14, "codename": "delete_curricularsubject"}}, {"model": "auth.permission", "pk": 56, "fields": {"name": "Can view curricular subject", "content_type": 14, "codename": "view_curricularsubject"}}, {"model": "auth.permission", "pk": 57, "fields": {"name": "Can add curricular_subject", "content_type": 15, "codename": "add_curricular_subject"}}, {"model": "auth.permission", "pk": 58, "fields": {"name": "Can change curricular_subject", "content_type": 15, "codename": "change_curricular_subject"}}, {"model": "auth.permission", "pk": 59, "fields": {"name": "Can delete curricular_subject", "content_type": 15, "codename": "delete_curricular_subject"}}, {"model": "auth.permission", "pk": 60, "fields": {"name": "Can view curricular_subject", "content_type": 15, "codename": "view_curricular_subject"}}, {"model": "customuser.user", "pk": 1, "fields": {"password": "pbkdf2_sha256$180000$ZjkkyPRXNw1p$utf34GFCIpeysDZKKVUU3HpmHxUC4SP3MdQtLVpCt84=", "email": "yesid.dev93@gmail.com", "name": null, "is_staff": true, "is_teacher": false, "is_superuser": true, "is_active": true, "last_login": "2020-05-10T20:18:44.541Z", "date_joined": "2020-05-10T20:18:44.724Z", "groups": [], "user_permissions": []}}, {"model": "customuser.user", "pk": 2, "fields": {"password": "12345", "email": "test@gmail.com", "name": "test", "is_staff": true, "is_teacher": false, "is_superuser": false, "is_active": true, "last_login": null, "date_joined": "2020-05-10T20:35:41.668Z", "groups": [], "user_permissions": []}}, {"model": "customuser.user", "pk": 3, "fields": {"password": "pbkdf2_sha256$180000$5p36pjlCpEO7$Ys8rrsLMzEmQSJ2mu1qmiX81If5SCMf+Pd0qqZAeB7I=", "email": "yesid.dev9@gmail.com", "name": null, "is_staff": false, "is_teacher": false, "is_superuser": false, "is_active": true, "last_login": "2020-05-10T21:06:34.251Z", "date_joined": "2020-05-10T21:06:34.486Z", "groups": [], "user_permissions": []}}, {"model": "customuser.user", "pk": 4, "fields": {"password": "pbkdf2_sha256$180000$A21WCUy28I16$to/ttRX2YYBYZL7JL8Xuscqptm41awsGVcVs39wzzQo=", "email": "yesid.dev1@gmail.com", "name": null, "is_staff": false, "is_teacher": false, "is_superuser": false, "is_active": true, "last_login": "2020-05-10T21:08:14.985Z", "date_joined": "2020-05-10T21:08:15.220Z", "groups": [], "user_permissions": []}}, {"model": "customuser.user", "pk": 5, "fields": {"password": "pbkdf2_sha256$180000$6gPLAWSpEmRv$JcCLiUKEhKENIMxm5Rbsup7ReLn2MhaKfMLNpSdzy9w=", "email": "yesid.dev@gmail.com", "name": null, "is_staff": false, "is_teacher": false, "is_superuser": false, "is_active": true, "last_login": "2020-05-10T21:09:21.625Z", "date_joined": "2020-05-10T21:09:21.868Z", "groups": [], "user_permissions": []}}, {"model": "customuser.user", "pk": 6, "fields": {"password": "pbkdf2_sha256$180000$qg4OQ2eLtR9P$ez/gNkcHw/AakjcLsU4J7EzEuV+xcIUZ0Ei4A1nY09E=", "email": "yesid.ev@gmail.com", "name": null, "is_staff": false, "is_teacher": false, "is_superuser": false, "is_active": true, "last_login": "2020-05-10T21:09:58.554Z", "date_joined": "2020-05-10T21:09:58.837Z", "groups": [], "user_permissions": []}}, {"model": "customuser.user", "pk": 7, "fields": {"password": "pbkdf2_sha256$180000$JsiVXDUtuVE7$WmdC5Rz/fOgJbQUD9Db25CAr/3Xqy0Zf4H8oh3tGyuw=", "email": "yes@gm.oc", "name": null, "is_staff": false, "is_teacher": false, "is_superuser": false, "is_active": true, "last_login": "2020-05-10T21:11:39.583Z", "date_joined": "2020-05-10T21:11:40.036Z", "groups": [], "user_permissions": []}}, {"model": "customuser.user", "pk": 8, "fields": {"password": "pbkdf2_sha256$180000$ZAy7vdYBpeFr$oJF4xzzJglUT9jdbFfAAlFOKTGB0rWI+/TVW5biGwLk=", "email": "yes.dev.9@jclc.co", "name": null, "is_staff": false, "is_teacher": false, "is_superuser": false, "is_active": true, "last_login": "2020-05-10T21:13:11.764Z", "date_joined": "2020-05-10T21:13:11.989Z", "groups": [], "user_permissions": []}}, {"model": "customuser.user", "pk": 9, "fields": {"password": "123456", "email": "yes.d@gma.co", "name": "name", "is_staff": false, "is_teacher": false, "is_superuser": false, "is_active": true, "last_login": "2020-05-10T21:15:56.823Z", "date_joined": "2020-05-10T21:15:57.078Z", "groups": [], "user_permissions": []}}, {"model": "customuser.user", "pk": 10, "fields": {"password": "pbkdf2_sha256$180000$hNx3wYsle7iS$/6LUnUIQQWQ/DsvO/c4F3L/lWn5Tq0OCND1Sx/H2laU=", "email": "wwhdj@fhjd.co", "name": null, "is_staff": false, "is_teacher": false, "is_superuser": false, "is_active": true, "last_login": "2020-05-10T21:23:48.234Z", "date_joined": "2020-05-10T21:23:48.454Z", "groups": [], "user_permissions": []}}, {"model": "customuser.user", "pk": 11, "fields": {"password": "pbkdf2_sha256$180000$9hi01RLqU64h$e7uJ7NoHJgkJWCbF2HBzTD7pz0JN2Lz2MSo3J8L5Xps=", "email": "wwhdj@fhj.co", "name": null, "is_staff": false, "is_teacher": false, "is_superuser": false, "is_active": true, "last_login": "2020-05-10T21:24:31.025Z", "date_joined": "2020-05-10T21:24:31.249Z", "groups": [], "user_permissions": []}}, {"model": "customuser.user", "pk": 12, "fields": {"password": "pbkdf2_sha256$180000$cUYjrzTSWiUu$NAgQgmcrBFxR19WaZTPNJT0R9iOc9wPFebWQ7RkhzPM=", "email": "wwhdsj@fhj.co", "name": null, "is_staff": false, "is_teacher": false, "is_superuser": false, "is_active": true, "last_login": "2020-05-10T21:28:17.272Z", "date_joined": "2020-05-10T21:28:17.561Z", "groups": [], "user_permissions": []}}, {"model": "customuser.user", "pk": 13, "fields": {"password": "pbkdf2_sha256$180000$xNWFtJQbhERR$eKHj7lKVY4u4HbjNGTZ+wg9tDL44ggWlzFoqtBmNnWk=", "email": "wwhadsj@fhj.co", "name": null, "is_staff": false, "is_teacher": false, "is_superuser": false, "is_active": true, "last_login": "2020-05-10T21:29:46.430Z", "date_joined": "2020-05-10T21:29:46.711Z", "groups": [], "user_permissions": []}}, {"model": "customuser.user", "pk": 14, "fields": {"password": "pbkdf2_sha256$180000$YSLWjsnNIUSv$y+NZDLM/NrgJCG181qK9V7cLOopIZdFzr4qQVDgT81k=", "email": "wwhadaassj@fhj.co", "name": null, "is_staff": false, "is_teacher": false, "is_superuser": false, "is_active": true, "last_login": "2020-05-10T21:30:54.402Z", "date_joined": "2020-05-10T21:30:54.651Z", "groups": [], "user_permissions": []}}, {"model": "customuser.user", "pk": 15, "fields": {"password": "pbkdf2_sha256$180000$3f9YfE5N0Eg5$5ECiTXvfmb9u0IeyA8zr7EoWUUmgiygSuBiv28MZq3E=", "email": "ssj@fhj.co", "name": null, "is_staff": false, "is_teacher": false, "is_superuser": false, "is_active": true, "last_login": "2020-05-10T21:31:33.824Z", "date_joined": "2020-05-10T21:31:34.077Z", "groups": [], "user_permissions": []}}, {"model": "customuser.user", "pk": 16, "fields": {"password": "pbkdf2_sha256$180000$j5RHD4JJYguq$GAJ7L+gSVSeAZhkxJaIJg+IWYRS27HBl4drLhjjZ7oU=", "email": "ssjksd@fhj.co", "name": null, "is_staff": false, "is_teacher": false, "is_superuser": false, "is_active": true, "last_login": "2020-05-10T21:33:56.841Z", "date_joined": "2020-05-10T21:33:57.548Z", "groups": [], "user_permissions": []}}, {"model": "customuser.user", "pk": 17, "fields": {"password": "pbkdf2_sha256$180000$FxqzGybEKfk5$Lge4sETCjrfeH4ez+gGerGrVzJKa5ibad1lgHooUVaU=", "email": "yesn@nfjd.coo", "name": null, "is_staff": false, "is_teacher": false, "is_superuser": false, "is_active": true, "last_login": "2020-05-10T21:42:10.647Z", "date_joined": "2020-05-10T21:42:10.954Z", "groups": [], "user_permissions": []}}, {"model": "customuser.user", "pk": 18, "fields": {"password": "pbkdf2_sha256$180000$WJv37pm7jTlx$svGzwHsT0/QwllhMICSkshf67RWxUyfQbjbsKm0fNLc=", "email": "yes@fma.cc", "name": null, "is_staff": false, "is_teacher": false, "is_superuser": false, "is_active": true, "last_login": "2020-05-10T21:42:22.747Z", "date_joined": "2020-05-10T21:42:23.000Z", "groups": [], "user_permissions": []}}, {"model": "customuser.user", "pk": 19, "fields": {"password": "pbkdf2_sha256$180000$2tGzNXVtc1qR$b//GD/XFUR0x2XXQzBd71sCo8nCN9SohUycQY1v1xQs=", "email": "eytueijs@cjhcj.co", "name": null, "is_staff": false, "is_teacher": false, "is_superuser": false, "is_active": true, "last_login": "2020-05-10T21:44:14.789Z", "date_joined": "2020-05-10T21:44:15.046Z", "groups": [], "user_permissions": []}}, {"model": "customuser.user", "pk": 20, "fields": {"password": "pbkdf2_sha256$180000$G78I3mT7Gtmo$X8jLbR6DXwQE/fZpNpd8n2ESVBrBfM8hkKxs+7A2jjs=", "email": "eytuweijs@cjhcj.co", "name": null, "is_staff": false, "is_teacher": false, "is_superuser": false, "is_active": true, "last_login": "2020-05-10T21:45:21.384Z", "date_joined": "2020-05-10T21:45:21.633Z", "groups": [], "user_permissions": []}}, {"model": "customuser.user", "pk": 21, "fields": {"password": "pbkdf2_sha256$180000$AvDgigYRYoRw$S757JsI04+MYLr9ER3Bq52zbYapZsmnWHLfMWIwDHog=", "email": "dsjkds@djkjdcclcl.cc", "name": null, "is_staff": false, "is_teacher": false, "is_superuser": false, "is_active": true, "last_login": "2020-05-10T21:46:53.384Z", "date_joined": "2020-05-10T21:46:53.634Z", "groups": [], "user_permissions": []}}, {"model": "customuser.user", "pk": 22, "fields": {"password": "pbkdf2_sha256$180000$LcFW35ezacEq$xxqp6JErfTYp+FY1/aOHzZ8BPq144GcE5ZCX3n/ZsYw=", "email": "dsjksdsdds@djkjdcclcl.cc", "name": null, "is_staff": false, "is_teacher": false, "is_superuser": false, "is_active": true, "last_login": "2020-05-10T21:48:31.271Z", "date_joined": "2020-05-10T21:48:32.539Z", "groups": [], "user_permissions": []}}, {"model": "customuser.user", "pk": 23, "fields": {"password": "pbkdf2_sha256$180000$dCn1LPP6xKTP$ChJDa5OGYVyiJoZ0p7Dqo+HZ4kbzriCMXsiSeELb3I0=", "email": "dsjksdds@djkjdcclcl.cc", "name": "", "is_staff": false, "is_teacher": false, "is_superuser": false, "is_active": true, "last_login": "2020-05-10T21:49:42.655Z", "date_joined": "2020-05-10T21:49:42.892Z", "groups": [], "user_permissions": []}}, {"model": "customuser.user", "pk": 24, "fields": {"password": "!554gUE7p2byzFezbM8dGmXQ9fo8kMBRlUnZdcMvK", "email": "yeuikd@njcm.co", "name": "uijsklkd", "is_staff": false, "is_teacher": false, "is_superuser": false, "is_active": true, "last_login": "2020-05-10T21:52:36.137Z", "date_joined": "2020-05-10T21:52:36.138Z", "groups": [], "user_permissions": []}}, {"model": "customuser.user", "pk": 25, "fields": {"password": "!xfPEN5hIZfAempVGcofyJ95UG8OuGLHiuxh8RcTs", "email": "yesid@gmail.com", "name": "root", "is_staff": false, "is_teacher": false, "is_superuser": false, "is_active": true, "last_login": "2020-05-10T22:05:06.311Z", "date_joined": "2020-05-10T22:05:06.312Z", "groups": [], "user_permissions": []}}, {"model": "customuser.user", "pk": 26, "fields": {"password": "pbkdf2_sha256$180000$QABcI05zfc6e$3OGUBgkOWqmS4R0q9A0zw3jru0TCXYVOkza0CfeRwsw=", "email": "yesid1@gmail.co", "name": "juanito", "is_staff": false, "is_teacher": false, "is_superuser": false, "is_active": true, "last_login": "2020-05-10T22:06:06.406Z", "date_joined": "2020-05-10T22:06:06.665Z", "groups": [], "user_permissions": []}}, {"model": "customuser.user", "pk": 27, "fields": {"password": "pbkdf2_sha256$180000$StkHLc5qv8jr$HHAmhHQDnI4zW+LQEhRgg0kb1nRVAT1glX/VN5OQ4T0=", "email": "yes@dfk.cll", "name": "yes", "is_staff": false, "is_teacher": false, "is_superuser": false, "is_active": true, "last_login": "2020-05-10T22:11:48.297Z", "date_joined": "2020-05-10T22:11:48.543Z", "groups": [], "user_permissions": []}}, {"model": "customuser.user", "pk": 28, "fields": {"password": "pbkdf2_sha256$180000$1nYaOFkKcpHH$pfBTS1lzz7jaaCOZLDkK8zcsydD5iyJJ/CQ6ovR83TU=", "email": "ywjs@djjdl.cll", "name": "name", "is_staff": false, "is_teacher": false, "is_superuser": false, "is_active": true, "last_login": "2020-05-10T22:12:54.371Z", "date_joined": "2020-05-10T22:12:54.624Z", "groups": [], "user_permissions": []}}, {"model": "customuser.user", "pk": 29, "fields": {"password": "pbkdf2_sha256$180000$k2Sf4Cr9RVS3$iGCJQe1J/OCLIAgRfPIGJ7Ku9kqzM22qnaxSCDpugPU=", "email": "teacher@gmail.co", "name": "teacher", "is_staff": false, "is_teacher": false, "is_superuser": false, "is_active": true, "last_login": "2020-05-10T22:15:17.892Z", "date_joined": "2020-05-10T22:15:18.122Z", "groups": [], "user_permissions": []}}, {"model": "customuser.user", "pk": 30, "fields": {"password": "pbkdf2_sha256$180000$aXBjJ9MQpwem$GejgAw2F9xj3QF/aS6vRUD35fNM/WMQ3rFnKFJsHPO4=", "email": "student@gmail.com", "name": "student", "is_staff": false, "is_teacher": false, "is_superuser": false, "is_active": true, "last_login": "2020-05-10T22:15:39.700Z", "date_joined": "2020-05-10T22:15:39.931Z", "groups": [], "user_permissions": []}}, {"model": "customuser.user", "pk": 31, "fields": {"password": "password", "email": "profe@teacher.com", "name": "profesor 1", "is_staff": false, "is_teacher": false, "is_superuser": false, "is_active": true, "last_login": "2020-05-10T22:17:09.707Z", "date_joined": "2020-05-10T22:17:09.947Z", "groups": [], "user_permissions": []}}, {"model": "customuser.user", "pk": 32, "fields": {"password": "pbkdf2_sha256$180000$DZw9XWtyO6dM$rcjv6j+gVoUCd4e5h0T12NEXo0idX5p7LHumB07UTlo=", "email": "teacher@gmail.com", "name": "teacher", "is_staff": false, "is_teacher": false, "is_superuser": false, "is_active": true, "last_login": "2020-05-12T23:01:59.301Z", "date_joined": "2020-05-12T23:01:59.601Z", "groups": [], "user_permissions": []}}, {"model": "customuser.user", "pk": 33, "fields": {"password": "pbkdf2_sha256$180000$TiquiTKnQVtk$96gDV3Sp4OUOUc/9xGRf7TUPXomSAiMU1E59xrxny00=", "email": "yesid.devkla@jhgma.co", "name": "mi nombre", "is_staff": false, "is_teacher": false, "is_superuser": false, "is_active": true, "last_login": "2020-05-12T23:32:40.184Z", "date_joined": "2020-05-12T23:32:40.769Z", "groups": [], "user_permissions": []}}, {"model": "customuser.user", "pk": 34, "fields": {"password": "pbkdf2_sha256$180000$QPBng0JVaAnI$syauqtopwDGjTPy2fP6p6jYuJ/zlGb/d47Vz8jN5f3Q=", "email": "tesjd2@mail.co", "name": "test", "is_staff": false, "is_teacher": false, "is_superuser": false, "is_active": true, "last_login": "2020-05-12T23:35:21.093Z", "date_joined": "2020-05-12T23:35:21.397Z", "groups": [], "user_permissions": []}}, {"model": "customuser.user_type", "pk": 1, "fields": {"is_teach": true, "is_student": false, "user": 13}}, {"model": "customuser.user_type", "pk": 2, "fields": {"is_teach": true, "is_student": false, "user": 14}}, {"model": "customuser.user_type", "pk": 3, "fields": {"is_teach": true, "is_student": false, "user": 15}}, {"model": "customuser.user_type", "pk": 4, "fields": {"is_teach": true, "is_student": false, "user": 16}}, {"model": "customuser.user_type", "pk": 5, "fields": {"is_teach": true, "is_student": false, "user": 17}}, {"model": "customuser.user_type", "pk": 6, "fields": {"is_teach": true, "is_student": false, "user": 18}}, {"model": "customuser.user_type", "pk": 7, "fields": {"is_teach": true, "is_student": false, "user": 19}}, {"model": "customuser.user_type", "pk": 8, "fields": {"is_teach": true, "is_student": false, "user": 20}}, {"model": "customuser.user_type", "pk": 9, "fields": {"is_teach": true, "is_student": false, "user": 21}}, {"model": "customuser.user_type", "pk": 10, "fields": {"is_teach": true, "is_student": false, "user": 22}}, {"model": "customuser.user_type", "pk": 11, "fields": {"is_teach": true, "is_student": false, "user": 23}}, {"model": "customuser.user_type", "pk": 12, "fields": {"is_teach": true, "is_student": false, "user": 24}}, {"model": "customuser.user_type", "pk": 13, "fields": {"is_teach": true, "is_student": false, "user": 25}}, {"model": "customuser.user_type", "pk": 14, "fields": {"is_teach": true, "is_student": false, "user": 26}}, {"model": "customuser.user_type", "pk": 15, "fields": {"is_teach": true, "is_student": false, "user": 27}}, {"model": "customuser.user_type", "pk": 16, "fields": {"is_teach": true, "is_student": false, "user": 28}}, {"model": "customuser.user_type", "pk": 17, "fields": {"is_teach": true, "is_student": false, "user": 29}}, {"model": "customuser.user_type", "pk": 18, "fields": {"is_teach": false, "is_student": true, "user": 30}}, {"model": "customuser.user_type", "pk": 19, "fields": {"is_teach": true, "is_student": false, "user": 31}}, {"model": "customuser.user_type", "pk": 20, "fields": {"is_teach": true, "is_student": false, "user": 32}}, {"model": "customuser.user_type", "pk": 21, "fields": {"is_teach": false, "is_student": true, "user": 33}}, {"model": "customuser.user_type", "pk": 22, "fields": {"is_teach": false, "is_student": true, "user": 34}}, {"model": "knox.authtoken", "pk": "075e86a25400d08d2e193ba3cf184885057806d3bae1acc8b50031ee43fcddf7ec25674c5ee71231f6784ef7dc8b1ed89d2c8edaaa2e33b77e23fd64c601766c", "fields": {"token_key": "a2b0cf2b", "salt": "978148b9c9cb5da9", "user": 30, "created": "2020-05-12T23:40:50.747Z", "expiry": "2020-05-13T09:40:50.746Z"}}, {"model": "knox.authtoken", "pk": "07d66c9c83e9451250b0467c8381cedca26c9c62a69c8c21c405e765c96f10abe19b663f5081adce46ac132151515f60139a33157ef4312957d02acd86319e70", "fields": {"token_key": "93ee6aea", "salt": "8ff5cb1fa19d5be4", "user": 16, "created": "2020-05-10T21:33:57.877Z", "expiry": "2020-05-11T07:33:57.874Z"}}, {"model": "knox.authtoken", "pk": "0ac66bf9ea860c17f47435641f89dd400bff8a0eb55c3a9446f8ea7b1e32050da2261dbdf419ceca591fce19e3769400aa45cfdc928d181be01ad0e7ce62ac4b", "fields": {"token_key": "12a51b84", "salt": "7459dd9ba9ad4875", "user": 31, "created": "2020-05-10T22:22:09.599Z", "expiry": "2020-05-11T08:22:09.599Z"}}, {"model": "knox.authtoken", "pk": "1220b151c0da4da2c0e2ff1352cbf288330a1c170e4b917d068d566efc6f8524e79f9d31ef13662a2fe44727b0c97fe60f2118aad97843b801fac87065700976", "fields": {"token_key": "03c4ba67", "salt": "9c0856e1fc8edaea", "user": 17, "created": "2020-05-10T21:42:11.114Z", "expiry": "2020-05-11T07:42:11.114Z"}}, {"model": "knox.authtoken", "pk": "1e01ac5c57dbc50db18feda33a2429646e84e4cf860fd8addae7a701f72b3ef89d7326477147621c7b657baa6db668c43b50c1f378c99c9441a6c91062c2fe7c", "fields": {"token_key": "81d35051", "salt": "ddb23404c6dbf6cb", "user": 19, "created": "2020-05-10T21:44:15.197Z", "expiry": "2020-05-11T07:44:15.197Z"}}, {"model": "knox.authtoken", "pk": "1ffbe68faaf13da5477c89c341e508107703a16af084d1fa83eb517d504042f0d36a06c3f7bce775e1aaccc517aaaf2a57bc46a58ad26cc6866cfd2617ac9d9e", "fields": {"token_key": "b7181aa5", "salt": "032ce57ae784f883", "user": 11, "created": "2020-05-10T21:24:31.392Z", "expiry": "2020-05-11T07:24:31.391Z"}}, {"model": "knox.authtoken", "pk": "27c38f8b0c28606be2880711df56cd69aaa39007bf55fd59ac869c02e3e45919120d45b315fd1421ff9b8da57781c24fa1b6a78b04bc7c3207749585d982ee6b", "fields": {"token_key": "f510630f", "salt": "e7eec643d666b443", "user": 3, "created": "2020-05-10T21:06:34.629Z", "expiry": "2020-05-11T07:06:34.629Z"}}, {"model": "knox.authtoken", "pk": "2e64fb2daf40aa96c47a6e590de35674cebbe21a12265e69d1c2d16212ca9e104bdbdc19c3466f622db0265db3b28af22c7ba97c891d248192ea78c1a375a681", "fields": {"token_key": "e2796fb0", "salt": "c0ea8108feda8783", "user": 21, "created": "2020-05-10T21:46:53.786Z", "expiry": "2020-05-11T07:46:53.785Z"}}, {"model": "knox.authtoken", "pk": "2fc17d4cd0b0dcb40d29f64a7d70ad2beab1702f09966a8fb0d4240209faced60a9e5dcd0ac5bb0da9e4d7f9dd38b6c936cea75785be109b7c755ea357e83c1d", "fields": {"token_key": "29402a46", "salt": "fb98926477c452ad", "user": 23, "created": "2020-05-10T21:49:43.035Z", "expiry": "2020-05-11T07:49:43.035Z"}}, {"model": "knox.authtoken", "pk": "381619d2a244cc57fff8b01d1051c38dc8a3318f79cfa593e789c8bad62d8ad6cd9100afb6e226351c02a413d841412e53a8e84a084246c2b6ecd7dd3d173f26", "fields": {"token_key": "a52a0951", "salt": "ba4f7315ee7cb786", "user": 24, "created": "2020-05-10T21:52:36.265Z", "expiry": "2020-05-11T07:52:36.264Z"}}, {"model": "knox.authtoken", "pk": "3c7d4e718c2fd3a8bf95bf7d958ae9c9b842609f09e7be354af8fc4122661312dc32dca1b9e56817715030a1a46154d31b7c3bc6865216499e8a11594304ce47", "fields": {"token_key": "83f113a0", "salt": "25f75328e38c34b1", "user": 6, "created": "2020-05-10T21:09:58.967Z", "expiry": "2020-05-11T07:09:58.966Z"}}, {"model": "knox.authtoken", "pk": "46e744843191a17b955869bf00b06ae6a0c2cfe6adf3bf72c060803821705217bb9661edb36a3cd1d515cfe66c3a835592d7499cee575a464584b41a6be4da8b", "fields": {"token_key": "cf0dfa50", "salt": "6bd34c9f4b56a867", "user": 1, "created": "2020-05-10T22:04:08.883Z", "expiry": "2020-05-11T08:04:08.882Z"}}, {"model": "knox.authtoken", "pk": "506a66ba02b479e23a80d29a5e26792692b0298ab22d94d03e4c2ec65f48b2d34d4e9e60bbbe499e91403e38d1038b5eab27102473cdace1ff3816edbdc89138", "fields": {"token_key": "dd342061", "salt": "144aa4a79e11671e", "user": 31, "created": "2020-05-10T22:17:10.104Z", "expiry": "2020-05-11T08:17:10.103Z"}}, {"model": "knox.authtoken", "pk": "6e5e06959603e81973f8c6a133c1a11f95296ed81e8628eb9735026b7bcf537d7d072bee7a6c36ec0b28b9ec3ea5b36d04327e813dfa6426aeaadd750441b56d", "fields": {"token_key": "933a6907", "salt": "e2245a9f5091c0a5", "user": 33, "created": "2020-05-12T23:32:40.939Z", "expiry": "2020-05-13T09:32:40.939Z"}}, {"model": "knox.authtoken", "pk": "7a2e48ab2bd4775d615623cddbd6ab11a76fde381b5da30daa45fa5143e108289bd7445fa5cf4838b98d6cef1dbff18f54df1c546cdcb2b5236b778b7497f392", "fields": {"token_key": "dbe2390f", "salt": "f182737a8569b35f", "user": 26, "created": "2020-05-10T22:06:06.791Z", "expiry": "2020-05-11T08:06:06.790Z"}}, {"model": "knox.authtoken", "pk": "7e81021bf41a1c4fa938c4f61bf94e6ef25000d786c0287b567b3c8b2560f5ed4ce0f6f62e21c5e5890362b1193f2e9ff89470dcc6e40747ec491952cbd165ca", "fields": {"token_key": "de72e3c1", "salt": "8251a3e9c14920fc", "user": 1, "created": "2020-05-10T22:01:41.783Z", "expiry": "2020-05-11T08:01:41.782Z"}}, {"model": "knox.authtoken", "pk": "8007092186d012250027fb8e3fd3ec602da0ee8b2f23b2c5e6929921a9f5a127d72ae1b3f97b90de0c8787bb4631d6a301986e0c8d2933babf601ffcf10a6851", "fields": {"token_key": "4ef4ecd3", "salt": "3cc323cc652e9db1", "user": 14, "created": "2020-05-10T21:30:54.897Z", "expiry": "2020-05-11T07:30:54.896Z"}}, {"model": "knox.authtoken", "pk": "81dc284e54b6b4488b61db4e37585ac3a9a0dc893967fc54b0ea68cbdaca8a653e0eb722232943394987f96f9753fff65880293375ee82b1d77a9d694486090c", "fields": {"token_key": "605aae19", "salt": "e3d32042a7261e86", "user": 28, "created": "2020-05-10T22:12:54.747Z", "expiry": "2020-05-11T08:12:54.746Z"}}, {"model": "knox.authtoken", "pk": "87d7c0da8122a8c44c56955305da3aa8dc615bb183e8fc7f6adf4f7449f6c074438cd2ea009ae71695fe94153f82ac47ee6843015a26dc014bcd0f10aa075f2b", "fields": {"token_key": "1f1bc895", "salt": "65dbc91b57929e91", "user": 31, "created": "2020-05-10T22:28:51.127Z", "expiry": "2020-05-11T08:28:51.126Z"}}, {"model": "knox.authtoken", "pk": "88d26cb46bc43671a0f4bb395454395b80da42308c8d76753d55021e83fad761180947f035b879938d75c24fb942873c920f1a4102748ce086665fe20a8286d2", "fields": {"token_key": "d1196688", "salt": "eefbc16284d7e8f7", "user": 18, "created": "2020-05-10T21:42:23.004Z", "expiry": "2020-05-11T07:42:23.004Z"}}, {"model": "knox.authtoken", "pk": "90560ade7b032b5d946918e574ab2ec96ade078abec0e630522a063838cbdc6346b69e885caed619b009c42503efefc61b60576a4a87867bf543bc498a0d2d78", "fields": {"token_key": "d23352af", "salt": "9f3e726bf92821dd", "user": 20, "created": "2020-05-10T21:45:21.792Z", "expiry": "2020-05-11T07:45:21.791Z"}}, {"model": "knox.authtoken", "pk": "91117713304b96e29df75153738846e75d7ae7c3fffb29b907d031c387e95b8cd60f9fda55687850def2806a7f912a071decf5707d7c7f09c2d3e1b3f9624b1b", "fields": {"token_key": "165b495a", "salt": "6a3007d1ccbaccb2", "user": 31, "created": "2020-05-10T22:33:10.413Z", "expiry": "2020-05-11T08:33:10.411Z"}}, {"model": "knox.authtoken", "pk": "9a5a88de40dfeead1b3ac2c01a381dee85248b71dbb0f5790955c5c54b85f8094223a7eab6f9aaa1907d6721bf62b3587b0ec866d11a9553f636e4b57ae773e0", "fields": {"token_key": "0c0f2803", "salt": "fa59ad62db75bf5c", "user": 32, "created": "2020-05-12T23:01:59.671Z", "expiry": "2020-05-13T09:01:59.670Z"}}, {"model": "knox.authtoken", "pk": "9e97226569122a36ded36019e6ded3bbca508d6cc4787bf9f23fdb4f1729db369aec65883c81e1c7747bc2f23d7240a73eb5bb5c67620522b3911a5b31f98b9c", "fields": {"token_key": "61665878", "salt": "91d5341a2048ce11", "user": 4, "created": "2020-05-10T21:08:15.364Z", "expiry": "2020-05-11T07:08:15.363Z"}}, {"model": "knox.authtoken", "pk": "a52d95ebc3c4db6bade5523553cf1dd218ef4c9c64c4519933555b3194a5660cef9eac46b526589072b84eac84e80b0b18ae8e805ba84898bf0a197139203196", "fields": {"token_key": "90c899ba", "salt": "ca36b83fb8d73c22", "user": 5, "created": "2020-05-10T21:09:22.014Z", "expiry": "2020-05-11T07:09:22.013Z"}}, {"model": "knox.authtoken", "pk": "a6cabf8c33a448c71175e5ff02e4ac1331ad99c1d33ce81b31f00c80a692faae7b6bdc5a1863cb68b5ba8a6619bb7ac0852e849b09df7b07b396c51c51595780", "fields": {"token_key": "4a09f923", "salt": "f0fa90a9fc409456", "user": 9, "created": "2020-05-10T21:15:57.207Z", "expiry": "2020-05-11T07:15:57.207Z"}}, {"model": "knox.authtoken", "pk": "b0ad40b6cf39d89a67cc60815bae4b2691f54faf5be22e7182a1f6c86d604d46af5513f7dd43762d090d47f0d06dcf3f58eed99a00ec3c05d958f547e9f73cb3", "fields": {"token_key": "017a0457", "salt": "2cf7433ced070964", "user": 27, "created": "2020-05-10T22:11:48.683Z", "expiry": "2020-05-11T08:11:48.682Z"}}, {"model": "knox.authtoken", "pk": "b13946618adc27762d3d58cb164f318f6eb865086e04c1aedc2371fa2c05e6b37f4c5caa6bad04bd234f4acbcc1680b695c4739ab263eb1b1d1127d838a3b326", "fields": {"token_key": "bbe5ffec", "salt": "15d4c945affe2268", "user": 8, "created": "2020-05-10T21:13:12.125Z", "expiry": "2020-05-11T07:13:12.124Z"}}, {"model": "knox.authtoken", "pk": "b28e36083efc419a46a7be7849847d9cb337ed42be4915f5996b7445f6229439e9a8b7c374e121031c3dc907f8038159884862bec6d43761f02f2d4864807af4", "fields": {"token_key": "f5eeeb87", "salt": "349f62cee1dc78ba", "user": 1, "created": "2020-05-10T22:03:44.982Z", "expiry": "2020-05-11T08:03:44.982Z"}}, {"model": "knox.authtoken", "pk": "b82424e9ee93d5b38c4ef0f4f98ab476bee290983a1a3fb0f094c6ab6b7b2d6dccd94c793c2f3aec1e8c20f44d174a05cee6a0aecfbf4c7dc72daaeda053b7fc", "fields": {"token_key": "bc303cc1", "salt": "0d676a523985124b", "user": 7, "created": "2020-05-10T21:11:40.621Z", "expiry": "2020-05-11T07:11:40.620Z"}}, {"model": "knox.authtoken", "pk": "bee5106310b2d819987307cc22323ce5e434c4fcd96cc7a59a3b2ede1cd89e11a4d78c23030bb2d61fe12ae666965d48ba9c28013ae846f22a9e901a6787ca93", "fields": {"token_key": "fb097fb6", "salt": "2f1435f93d9219ff", "user": 15, "created": "2020-05-10T21:31:34.194Z", "expiry": "2020-05-11T07:31:34.194Z"}}, {"model": "knox.authtoken", "pk": "c2e4603dfd81599bf7afa5b36e8150a41f5cb0cfca06ce93f1110a1efec4199e5bcd13fac73a827b6e21f25462f8a85ff2d752aff00ca30dcedfc6d35a172118", "fields": {"token_key": "d4e2a8e6", "salt": "5b4c40bae46e7227", "user": 31, "created": "2020-05-10T22:23:20.352Z", "expiry": "2020-05-11T08:23:20.351Z"}}, {"model": "knox.authtoken", "pk": "cb8e5f00d1fd9d8bd97688252f89d4d22dd7b337da1839487aca853fe9bf7d0107a3f3d6581b942e0beb690d895dc9c7de597cdef8a3b61187f956a74f198853", "fields": {"token_key": "f3b5adb4", "salt": "8561c52fcf30cc69", "user": 31, "created": "2020-05-10T22:21:55.191Z", "expiry": "2020-05-11T08:21:55.191Z"}}, {"model": "knox.authtoken", "pk": "cd56a26fa8bf65ab7343aea91ba01ff2dd381173c325d2fe72262e43cfb7a8cf02f37961a981163986495f017fedfbaa58c31f493430eeb1db1dc4d8faf3805c", "fields": {"token_key": "0e428563", "salt": "899549c49aed9f7d", "user": 31, "created": "2020-05-10T22:28:02.499Z", "expiry": "2020-05-11T08:28:02.499Z"}}, {"model": "knox.authtoken", "pk": "e1aa239e3bdfec06dc9d07f3a23b89c44a723ec5f8ed7482992da14f237a58dbf5e7696a8d9ade9f8991884f8a8aa4393a6629d10e15cfcae005a0c66e43934c", "fields": {"token_key": "d2d300c4", "salt": "67c672a4d1af737b", "user": 34, "created": "2020-05-12T23:35:21.405Z", "expiry": "2020-05-13T09:35:21.405Z"}}, {"model": "knox.authtoken", "pk": "ecee526e1fef16f7e87e2ca97bb69cfce78bff84c5279b6daa893d896f93d57656de818cb6080749c4496ff4d065307def9b9d0003dfa332569fe2bedb850918", "fields": {"token_key": "d17c9c47", "salt": "57ed2c1a02a48697", "user": 12, "created": "2020-05-10T21:28:17.733Z", "expiry": "2020-05-11T07:28:17.732Z"}}, {"model": "knox.authtoken", "pk": "f06f761e1e18b879248cbe99c95114ae23904b198087349acaf60326b1825745368e6ac6baa90ee099fe39e082348cfeb230d40ca2006434d38a139398c9ae90", "fields": {"token_key": "d88e0417", "salt": "19a5f19eb44caaae", "user": 22, "created": "2020-05-10T21:48:33.100Z", "expiry": "2020-05-11T07:48:33.098Z"}}, {"model": "knox.authtoken", "pk": "fa173fc9258be5573faeec1980e33c5c0542af93b4d989c3f3784517709aec5c19003b7ec47c6a1e50d872e7a463df46eaa7716c538ba8c4e6f7de71f732f576", "fields": {"token_key": "a2db2947", "salt": "f7dfc61ad5c340d8", "user": 25, "created": "2020-05-10T22:05:06.452Z", "expiry": "2020-05-11T08:05:06.451Z"}}, {"model": "courses.course", "pk": 1, "fields": {"title": "curso 1", "created_at": "2020-05-11T22:48:30.677Z", "updated_at": "2020-05-11T22:48:30.678Z", "students": []}}, {"model": "courses.course", "pk": 2, "fields": {"title": "curso 2", "created_at": "2020-05-11T22:48:38.646Z", "updated_at": "2020-05-11T22:48:38.646Z", "students": []}}, {"model": "courses.course", "pk": 3, "fields": {"title": "curso 3", "created_at": "2020-05-11T23:35:29.930Z", "updated_at": "2020-05-12T22:22:11.586Z", "students": [27, 28, 29, 30]}}, {"model": "courses.course", "pk": 4, "fields": {"title": "Curso 3", "created_at": "2020-05-11T23:35:40.212Z", "updated_at": "2020-05-11T23:35:40.212Z", "students": [30]}}, {"model": "curricular_subject.curricular_subject", "pk": 1, "fields": {"title": "Matematica", "teacher": 31, "created_at": "2020-05-11T23:16:00.126Z", "updated_at": "2020-05-11T23:16:00.126Z", "course": [1]}}, {"model": "curricular_subject.curricular_subject", "pk": 2, "fields": {"title": "Ciencias", "teacher": 31, "created_at": "2020-05-11T23:16:13.868Z", "updated_at": "2020-05-11T23:16:13.868Z", "course": [1, 2]}}, {"model": "test.test", "pk": 4, "fields": {"title": "examen 3", "note": 3, "detail": "examen detail 3", "curricular_subject": 1, "tested": 30, "created_at": "2020-05-10T15:21:58.108Z", "updated_at": "2020-05-10T15:21:58.108Z"}}, {"model": "test.test", "pk": 5, "fields": {"title": "examen 1", "note": 0, "detail": "examen detail 1", "curricular_subject": 1, "tested": 30, "created_at": "2020-05-10T15:22:13.483Z", "updated_at": "2020-05-10T15:22:13.483Z"}}, {"model": "test.test", "pk": 6, "fields": {"title": "examen 2", "note": 5, "detail": "examen detail 2", "curricular_subject": 1, "tested": 30, "created_at": "2020-05-10T15:22:20.520Z", "updated_at": "2020-05-10T15:22:20.520Z"}}, {"model": "test.test", "pk": 7, "fields": {"title": "examen", "note": null, "detail": "examen detail", "curricular_subject": 1, "tested": 30, "created_at": "2020-05-10T18:44:28.850Z", "updated_at": "2020-05-10T18:44:28.850Z"}}]